BEGIN TRANSACTION;
CREATE TABLE IF NOT EXISTS associations (
	course_id INTEGER NOT NULL, 
	role_id INTEGER NOT NULL, 
	member_id INTEGER NOT NULL, 
	PRIMARY KEY (course_id, role_id, member_id), 
	FOREIGN KEY(course_id) REFERENCES courses (course_id), 
	FOREIGN KEY(role_id) REFERENCES roles (role_id), 
	FOREIGN KEY(member_id) REFERENCES members (member_id)
);
CREATE TABLE IF NOT EXISTS courses (
	course_id INTEGER NOT NULL, 
	course_name VARCHAR(64) NOT NULL, 
	course_code VARCHAR(64) NOT NULL, 
	course_group VARCHAR(64), 
	course_desc VARCHAR(256), 
	PRIMARY KEY (course_id), 
	CONSTRAINT uq_course_name_code UNIQUE (course_name, course_code)
);
CREATE TABLE IF NOT EXISTS members (
	member_id INTEGER NOT NULL, 
	member_name VARCHAR(64) NOT NULL, 
	member_email VARCHAR(320) NOT NULL, 
	password_hash VARCHAR(128) NOT NULL, 
	is_admin BOOLEAN NOT NULL, 
	PRIMARY KEY (member_id), 
	UNIQUE (member_email)
);
CREATE TABLE IF NOT EXISTS roles (
	role_id INTEGER NOT NULL, 
	role_name VARCHAR(64) NOT NULL, 
	role_privilege INTEGER NOT NULL, 
	PRIMARY KEY (role_id), 
	UNIQUE (role_name), 
	UNIQUE (role_privilege)
);
INSERT INTO "associations" ("course_id","role_id","member_id") VALUES (1,4,2),
 (1,3,3),
 (1,2,4),
 (1,2,5),
 (2,4,6),
 (2,3,7),
 (2,2,8),
 (2,2,9),
 (3,4,10),
 (3,3,11),
 (3,2,12),
 (3,2,13),
 (4,4,14),
 (4,3,15),
 (4,2,16),
 (4,2,2),
 (5,4,3),
 (5,3,4),
 (5,2,5),
 (5,2,6),
 (6,4,7),
 (6,3,8),
 (6,2,9),
 (6,2,10),
 (7,4,11),
 (7,3,12),
 (7,2,13),
 (7,2,14),
 (8,4,15),
 (8,3,16),
 (8,2,2),
 (8,2,3),
 (9,4,4),
 (9,3,5),
 (9,2,6),
 (9,2,7),
 (10,4,8),
 (10,3,9),
 (10,2,10),
 (10,2,11),
 (11,4,12),
 (11,3,13),
 (11,2,14),
 (11,2,15),
 (12,4,16),
 (12,3,2),
 (12,2,3),
 (12,2,4),
 (13,4,5),
 (13,3,6),
 (13,2,7),
 (13,2,8),
 (14,4,9),
 (14,3,10),
 (14,2,11),
 (14,2,12),
 (15,4,13),
 (15,3,14),
 (15,2,15),
 (15,2,16),
 (16,4,2),
 (16,3,3),
 (16,2,4),
 (16,2,5),
 (5,2,15);
INSERT INTO "courses" ("course_id","course_name","course_code","course_group","course_desc") VALUES (1,'Introductory Programming','CMSC 115','CMSC','A study of structured and object-oriented programming using the Java language.'),
 (2,'Intermediate Programming','CMSC 215','CMSC','Further study of the Java programming language.'),
 (3,'Relational Database Concepts and Applications','CMSC 320','CMSC','A study of the functions, underlying concepts, and applications of enterprise relational database management systems (RDBMS) in a business environment.'),
 (4,'Capstone in Computer Science','CMSC 495','CMSC','An overview of computer technologies, with an emphasis on integration of concepts, practical application, and critical thinking.'),
 (5,'Building Secure Python Applications','SDEV 300','SDEV','A hands-on study of best practices and strategies for building secure Python desktop and web applications.'),
 (6,'Detecting Software Vulnerabilities','SDEV 325','SDEV','An in-depth, practical application of techniques and tools for detecting and documenting software vulnerabilities and risks.'),
 (7,'Database Security','SDEV 350','SDEV','A study of processes and techniques for securing databases.'),
 (8,'Fundamentals of Computer Troubleshooting','CMIT 202','CMIT','A thorough review of computer hardware and software, with emphasis on the application of current and appropriate computing safety and environmental practices.'),
 (9,'Fundamentals of Networking','CMIT 265','CMIT','An introduction to networking technologies for local area networks, wide area networks, and wireless networks.'),
 (10,'Introduction to Linux','CMIT 291','CMIT','A study of the Linux operating system.'),
 (11,'Mathematics for Data Science','DATA 230','DATA','A practical introduction to the mathematical principles applied within the context of data science.'),
 (12,'Foundations of Data Science','DATA 300','DATA','An examination of the role of data science within business and society.'),
 (13,'Introduction to Data Analytics','DATA 320','DATA','A practical introduction to the methodology, practices, and requirements of data science to ensure that data is relevant and properly manipulated to solve problems and address a variety of real-world projects and business scenarios.'),
 (14,'Cybersecurity for Leaders and Managers','CSIA 300','CSIA','A foundational study of cybersecurity principles, practices, and strategies in the establishment, management, and governance of an enterprise''s cybersecurity program.'),
 (15,'Cybersecurity Processes and Technologies','CSIA 310','CSIA','A study of the processes and technologies used to implement and manage enterprise IT security operations.'),
 (16,'Cybersecurity in Business and Industry','CSIA 350','CSIA','A study of the application and integration of cybersecurity principles, frameworks, standards, and best practices to the management, governance, and policy development processes for businesses.');
INSERT INTO "members" ("member_id","member_name","member_email","password_hash","is_admin") VALUES (1,'Admin','admin@tracker.com','scrypt:32768:8:1$NUyCG0CFVNNzXVvV$f8c651057f792ceac35783aef6c49aed062609cb55f8cabce68231fff38dbadaa9a6852a14e90559e114099a663a8b84854943557602cb2e1ec039ad67bdf92c',1),
 (2,'Leto.Atreides','leto.atreides@atreides.com','scrypt:32768:8:1$ADex7OBTaeaBpZe8$264c382b296075a4f7566fef90c0ce333f67e14bb102b2528c4ec360e721a04d957ad2c4978af74d749dcd72be5782d9e7cc828da3fcc0803559404ca07d25ac',0),
 (3,'Paul.Atreides','paul.atreides@atreides.com','scrypt:32768:8:1$THpCsMGBnIMDOW1t$71f4c838f0172ba5fca9407fd83ecff3a414a238b7aaf844203118963565a0bd4fd4f0fc1360ef26153c98a972970571eff7f001371f2de2ebd524fe089b4667',0),
 (4,'Jessica.Nerus','jessica.nerus@atreides.com','scrypt:32768:8:1$fQhccZanharDZgL4$077a23130596dadcf85e5bf93e8ee57ed0965242f468c705bc1e71fb06a077664159784693ef81f8553ce2f24b1bb33c9ee670b28dab4380925fb83835748857',0),
 (5,'Thufir.Hawat','thufir.hawat@atreides.com','scrypt:32768:8:1$sx1WQVfmzzye1Zuf$822a3c0fd71362bd17b861cb5405f836474ab2220c1ad6450e139b1f296b02afd6cdb5106ff8012dcc5cff827359a7d7a30e5c5fb6c8374d8c7c31b7b90b1003',0),
 (6,'Gurney.Halleck','gurney.halleck@atreides.com','scrypt:32768:8:1$wrKyXynYKFM5XRJy$05e8600abcb2301be210e494f5ac723eba8e0267a5074d10c4c9dbbbbd2767c8e1c0028292658d3f7424fb0152c4e5b8d969fa22058f27fdcd0470d6dc9d0b2b',0),
 (7,'Duncan.Idaho','duncan.idaho@atreides.com','scrypt:32768:8:1$xF2FUnG4B2yDojAz$8e211ff9fc3c9230f3f625d9a0417f7b9243b196767fc173bb01edee9a2f82fa2ea211d36583fe440ecfd165d9a6f154c0fe9d06d8d1c9248f3d8df50cd2af0c',0),
 (8,'Vladimir.Harkonnen','vladmir.harkonnen@harkonnen.com','scrypt:32768:8:1$6Ydx47fXFPNTdNrw$3188b0bdd0ec2931fabaa6da3f8690476d51a88308afe76896c07d4eb86de6e6ea4adbc08ddd360eb60939098bd54d419c9aae64b2763c5e092fc0d26336ddba',0),
 (9,'Glossu.Rabban','glossu.rabban@harkonnen.com','scrypt:32768:8:1$QoJRk145JV0MXzJr$d1bc053eabcf6f40e88cec7a82b08ada2d83cedfc7fe5c5a9e86bc94a4276bd4adb11245c2c7801293f5dd910c5f38d487d3e13011584bdf7d2df6fcdecd94e1',0),
 (10,'Feyd-Rautha.Rabban','feyd-rautha.rabban@harkonnen.com','scrypt:32768:8:1$RvIjJdHsIRATrkKj$274eb75c6cd7a184e43be742bf34c7d478cd498b0902c83a2308703b4e7ac5cbf81e27f1b43ff7428c1bf6744547cb924a9b52cdc1738c4e344468a546af5200',0),
 (11,'Piter.DeVries','piter.devries@harkonnen.com','scrypt:32768:8:1$1aU8DMeflV8yq7kx$5057928453db0869d7d6478acf644c0a73977fdff8d75dbd0e9a6607bd3242e92f94e4ba15850a15f18d4b07d2175357ad5791c401429b101a42acb45fe7b0d6',0),
 (12,'Shaddam.Corrino','shaddam.corrino@corrino.com','scrypt:32768:8:1$zeK1RT6T7jRJwvWi$acbac15953c9c3511fa63567882666de80ee5eda44f10dffa49cf54bd35e08a26a0f78e7fa2abde853ec5a0ab70769755b86414457d254741de4208f7cd983a3',0),
 (13,'Irulan.Corrino','irulan.corrino@corrino.com','scrypt:32768:8:1$J7iOfTr2lhrZ5pvr$35b4bf35712a1ea883bb626537abd2313447e1c772a708420efa17b4998fd57d82ee9eb145c6d02498eb7c604269e3f6741abf9635c346d8030b0f4d1bc4464b',0),
 (14,'Liet.Kynes','liet.kynes@fremen.com','scrypt:32768:8:1$32neOcpoOkBnWJAt$9d2b3ed3e503de528e882382d51540a706d8f56ead876e714806701fa28b71cb2189f243d8d6d9e318a9061d14366b6726f6f5ca39d5c2eb2103fc98eb95e530',0),
 (15,'Chani.Kynes','chani.kynes@fremen.com','scrypt:32768:8:1$dkqPxRzMxn8aI5g1$1510c8652e8dd750dc272bf6bc9408be1ce7e87d0afab45e1c610776b7e96ac5314f7aa9a6ea255255b08521259adbf86ba39382552683a5f77b52d66a0a9cec',0),
 (16,'Stilgar.Tabr','stilgar.tabr@fremen.com','scrypt:32768:8:1$5ZPiN12ewEbfbxbI$dcf022c359e4910d9d7c6445156588ebb6bd50fec538081be0325bc13892f78677bf1ebf18eb7e1cd41a703d4ac80de662afc240c10680c9a9f4ac7412b34e89',0);
INSERT INTO "roles" ("role_id","role_name","role_privilege") VALUES (2,'Student',1),
 (3,'Teacher',10),
 (4,'Chair',20);
COMMIT;
